[
    {
    "id": 18708,
    "cognome": "ARRIGONI",
    "nome": "GIORGIO",
    "tipo_sezione": "art. 38",
    "regione": "LOMBARDIA",
    "provincia": "BERGAMO",
    "specialties": "Urologo",
    "address": "Via Guglielmo Marconi, 3, Bergamo, Lombardia",
    "tel": "3387542109",
    "availability": 1
  },
  {
    "id": 12828,
    "cognome": "BACIS",
    "nome": "MARIA COLOMBA",
    "tipo_sezione": "art. 38",
    "regione": "LOMBARDIA",
    "provincia": "BERGAMO",
    "specialties": "Pediatra",
    "address": "Via Tullio Salmatoris, 15, Bergamo, Lombardia",
    "tel": "3461237890",
    "availability": 1
  },
  {
    "id": 19215,
    "cognome": "BANCONE",
    "nome": "CLAUDIA",
    "tipo_sezione": "art. 38",
    "regione": "LOMBARDIA",
    "provincia": "BERGAMO",
    "specialties": "Fisioterapista",
    "address": "Via Zambonate, 12, Bergamo, Lombardia",
    "tel": "3496875214",
    "availability": 1
  },
  
  {
      "id": 11765,
      "cognome": "BARBIC",
      "nome": "FRANCA",
      "tipo_sezione": "art. 38",
      "regione": "LOMBARDIA",
      "provincia": "BERGAMO",
      "specialties": "Ginecologo",
      "availability": 1,
      "address": "Via Nazario Sauro, 14, 24121 Bergamo BG",
      "tel": "0351234567"
  },
  {
      "id": 20889,
      "cognome": "BARRILA'",
      "nome": "MARINA GIORGIANA",
      "tipo_sezione": "art. 38",
      "regione": "LOMBARDIA",
      "provincia": "BERGAMO",
      "specialties": "Neurochirurgo",
      "availability": 1,
      "address": "Via Giacomo Quarenghi, 48, 24122 Bergamo BG",
      "tel": "0352345678"
  },
  {
      "id": 11653,
      "cognome": "BARTOLOZZI",
      "nome": "FABIO",
      "tipo_sezione": "art. 38",
      "regione": "LOMBARDIA",
      "provincia": "BERGAMO",
      "specialties": "Dermatologo-venereologo",
      "availability": 0,
      "address": "Via Guglielmo Marconi, 38, 24123 Bergamo BG",
      "tel": "0353456789"
  },
  {
      "id": 12786,
      "cognome": "BASSO",
      "nome": "MARGHERITA",
      "tipo_sezione": "art. 38",
      "regione": "LOMBARDIA",
      "provincia": "BERGAMO",
      "specialties": "Cardiologo",
      "availability": 1,
      "address": "Via Francesco Crispi, 21, 24124 Bergamo BG",
      "tel": "0354567890"
  },
  {
      "id": 22008,
      "cognome": "BELLINA",
      "nome": "BARBARA",
      "tipo_sezione": "art. 38",
      "regione": "LOMBARDIA",
      "provincia": "BERGAMO",
      "specialties": "Fisioterapista",
      "availability": 1,
      "address": "Via Giovanni Battista Moroni, 3, 24125 Bergamo BG",
      "tel": "0355678901"
  },
  {
      "id": 14558,
      "cognome": "BELOTTI",
      "nome": "ANTONIO",
      "tipo_sezione": "art. 38",
      "regione": "LOMBARDIA",
      "provincia": "BERGAMO",
      "specialties": "Ortopedico-traumatologo",
      "availability": 1,
      "address": "Via Pietro Paleocapa, 7, 24126 Bergamo BG",
      "tel": "0356789012"
  },
  {
      "id": 12686,
      "cognome": "BELOTTI",
      "nome": "LUISA",
      "tipo_sezione": "art. 38",
      "regione": "LOMBARDIA",
      "provincia": "BERGAMO",
      "specialties": "Dentista",
      "availability": 1,
      "address": "Via Angelo Maj, 5, 24127 Bergamo BG",
      "tel": "0357890123"
  },
  {
      "id": 21679,
      "cognome": "BERTOLANI",
      "nome": "ROBERTA",
      "tipo_sezione": "art. 38",
      "regione": "LOMBARDIA",
      "provincia": "BERGAMO",
      "specialties": "Oculista",
      "availability": 0,
      "address": "Via Papa Giovanni XXIII, 12, 24128 Bergamo BG",
      "tel": "0358901234"
  },
  {
      "id": 12250,
      "cognome": "BETTONI",
      "nome": "GIUSEPPE",
      "tipo_sezione": "art. 38",
      "regione": "LOMBARDIA",
      "provincia": "BERGAMO",
      "specialties": "Urologo",
      "availability": 1,
      "address": "Via Vittorio Emanuele II, 9, 24129 Bergamo BG",
      "tel": "0359012345"
  },
  {
      "id": 13537,
      "cognome": "BIFFI",
      "nome": "ROBERTA MIRIAM",
      "tipo_sezione": "art. 38",
      "regione": "LOMBARDIA",
      "provincia": "BERGAMO",
      "specialties": "Pediatra",
      "availability": 1,
      "address": "Via Gaetano Donizetti, 17, 24130 Bergamo BG",
      "tel": "0350123456"
  },
  {
      "id": 11750,
      "cognome": "BIGONI",
      "nome": "FLAVIA",
      "tipo_sezione": "art. 38",
      "regione": "LOMBARDIA",
      "provincia": "BERGAMO",
      "specialties": "Osteopata",
      "availability": 1,
      "address": "Via Guglielmo Marconi, 38, 24131 Bergamo BG",
      "tel": "0351234567"
  },
  {
      "id": 13541,
      "cognome": "BONU'",
      "nome": "ROBERTA",
      "tipo_sezione": "art. 38",
      "regione": "LOMBARDIA",
      "provincia": "BERGAMO",
      "specialties": "Gastroenterologo",
      "availability": 0,
      "address": "Via Bartolomeo Colleoni, 22, 24132 Bergamo BG",
      "tel": "0352345678"
  },
  {
      "id": 19217,
      "cognome": "BORLERI",
      "nome": "DANIELA CAMILLA",
      "tipo_sezione": "art. 38",
      "regione": "LOMBARDIA",
      "provincia": "BERGAMO",
      "specialties": "Psicologo",
      "availability": 1,
      "address": "Via Vincenzo Bellini, 10, 24133 Bergamo BG",
      "tel": "0353456789"
  },
  
  
  
  {
      "id": 11047,
      "cognome": "BOTRUGNO",
      "nome": "ANTONIO",
      "tipo_sezione": "art. 38",
      "regione": "LOMBARDIA",
      "provincia": "BERGAMO",
      "specialties": "Otorinolaringoiatra",
      "availability": 1,
      "address": "Via Antonio Locatelli, 11, 24134 Bergamo BG",
      "tel": "0352345678"
  },
  {
      "id": 19877,
      "cognome": "BRESCIANI",
      "nome": "MONICA",
      "tipo_sezione": "art. 38",
      "regione": "LOMBARDIA",
      "provincia": "BERGAMO",
      "specialties": "Andrologo",
      "availability": 1,
      "address": "Via Bartolomeo Colleoni, 22, 24135 Bergamo BG",
      "tel": "0353456789"
  },
  {
      "id": 21209,
      "cognome": "BREVI",
      "nome": "MARCO",
      "tipo_sezione": "art. 38",
      "regione": "LOMBARDIA",
      "provincia": "BERGAMO",
      "specialties": "Ginecologo",
      "availability": 0,
      "address": "Via Papa Giovanni XXIII, 12, 24136 Bergamo BG",
      "tel": "0354567890"
  },
  {
      "id": 17826,
      "cognome": "BRILLANTE",
      "nome": "ROBERTO",
      "tipo_sezione": "art. 38",
      "regione": "LOMBARDIA",
      "provincia": "BERGAMO",
      "specialties": "Medico estetico",
      "availability": 1,
      "address": "Via Giacomo Quarenghi, 48, 24137 Bergamo BG",
      "tel": "0355678901"
  },
  {
      "id": 16543,
      "cognome": "BUGADA",
      "nome": "LUCIANO",
      "tipo_sezione": "art. 38",
      "regione": "LOMBARDIA",
      "provincia": "BERGAMO",
      "specialties": "Fisioterapista",
      "availability": 1,
      "address": "Via Vittorio Emanuele II, 9, 24138 Bergamo BG",
      "tel": "0356789012"
  },
  {
      "id": 18656,
      "cognome": "CALDERONE",
      "nome": "FRANCESCA",
      "tipo_sezione": "art. 38",
      "regione": "LOMBARDIA",
      "provincia": "BERGAMO",
      "specialties": "Neurologo",
      "availability": 1,
      "address": "Via Francesco Crispi, 21, 24139 Bergamo BG",
      "tel": "0357890123"
  },
  {
      "id": 22707,
      "cognome": "CALLIONI",
      "nome": "SIMONE",
      "tipo_sezione": "art. 38",
      "regione": "LOMBARDIA",
      "provincia": "BERGAMO",
      "specialties": "Allergologo-immunologo",
      "availability": 1,
      "address": "Via Nazario Sauro, 14, 24140 Bergamo BG",
      "tel": "0358901234"
  },
  {
      "id": 22512,
      "cognome": "CAMINITA",
      "nome": "MARIA LETIZIA",
      "tipo_sezione": "art. 38",
      "regione": "LOMBARDIA",
      "provincia": "BERGAMO",
      "specialties": "Medico di medicina generale",
      "availability": 0,
      "address": "Via Guglielmo Marconi, 38, 24141 Bergamo BG",
      "tel": "0359012345"
  },
  {
      "id": 23228,
      "cognome": "CANEVARI",
      "nome": "MARGHERITA",
      "tipo_sezione": "art. 38",
      "regione": "LOMBARDIA",
      "provincia": "BERGAMO",
      "specialties": "Osteopata",
      "availability": 1,
      "address": "Via Giovanni Battista Moroni, 3, 24142 Bergamo BG",
      "tel": "0350123456"
  },
  {
      "id": 21865,
      "cognome": "CANNISTRARO",
      "nome": "VALERIA",
      "tipo_sezione": "art. 38",
      "regione": "LOMBARDIA",
      "provincia": "BERGAMO",
      "specialties": "Psicologo",
      "availability": 1,
      "address": "Via Gaetano Donizetti, 17, 24143 Bergamo BG",
      "tel": "0351234567"
  },
  {
      "id": 23089,
      "cognome": "CANTAMESSA",
      "nome": "FRANCESCO",
      "tipo_sezione": "art. 38",
      "regione": "LOMBARDIA",
      "provincia": "BERGAMO",
      "specialties": "Gastroenterologo",
      "availability": 0,
      "address": "Via Angelo Maj, 5, 24144 Bergamo BG",
      "tel": "0352345678"
  },
  {
      "id": 12001,
      "cognome": "CAPELLI",
      "nome": "GIANCARLO",
      "tipo_sezione": "art. 38",
      "regione": "LOMBARDIA",
      "provincia": "BERGAMO",
      "specialties": "Dentista",
      "availability": 1,
      "address": "Via Pietro Paleocapa, 7, 24145 Bergamo BG",
      "tel": "0353456789"
  },
  {
      "id": 19321,
      "cognome": "CAPOLINO",
      "nome": "PIERLUIGI",
      "tipo_sezione": "art. 38",
      "regione": "LOMBARDIA",
      "provincia": "BERGAMO",
      "specialties": "Ortopedico-traumatologo",
      "availability": 1,
      "address": "Via Papa Giovanni XXIII, 25, 24146 Bergamo BG",
      "tel": "0354567890"
  },
  
  
  
  {
      "id": 17179,
      "cognome": "D'ANNA",
      "nome": "MAURO",
      "tipo_sezione": "art. 38",
      "regione": "LOMBARDIA",
      "provincia": "BERGAMO",
      "address": "Via Alessandro Manzoni, 12, 24121 Bergamo BG",
      "tel": "0351234567",
      "availability": 1
  },
  {
      "id": 13945,
      "cognome": "D'ONOFRIO",
      "nome": "VALERIO NICOLA",
      "tipo_sezione": "art. 38",
      "regione": "LOMBARDIA",
      "provincia": "BERGAMO",
      "address": "Via Giuseppe Garibaldi, 8, 24122 Bergamo BG",
      "tel": "0352345678",
      "availability": 1
  },
  {
      "id": 22497,
      "cognome": "DE PONTI",
      "nome": "SIMONA",
      "tipo_sezione": "art. 38",
      "regione": "LOMBARDIA",
      "provincia": "BERGAMO",
      "address": "Via Giovanni Pascoli, 16, 24123 Bergamo BG",
      "tel": "0353456789",
      "availability": 0
  },
  {
      "id": 12792,
      "cognome": "DEL BEATO",
      "nome": "MARIA CONCETTA",
      "tipo_sezione": "art. 38",
      "regione": "LOMBARDIA",
      "provincia": "BERGAMO",
      "address": "Via Leonardo da Vinci, 20, 24124 Bergamo BG",
      "tel": "0354567890",
      "availability": 1
  },
  {
      "id": 18358,
      "cognome": "DI GIORGIO",
      "nome": "VINCENZO",
      "tipo_sezione": "art. 38",
      "regione": "LOMBARDIA",
      "provincia": "BERGAMO",
      "address": "Via Galileo Galilei, 14, 24125 Bergamo BG",
      "tel": "0355678901",
      "availability": 1
  },
  {
      "id": 18274,
      "cognome": "DOMENIGHINI",
      "nome": "TULLIO",
      "tipo_sezione": "art. 38",
      "regione": "LOMBARDIA",
      "provincia": "BERGAMO",
      "address": "Via Alessandro Volta, 9, 24126 Bergamo BG",
      "tel": "0356789012",
      "availability": 1
  },
  {
      "id": 13797,
      "cognome": "FACCHINETTI",
      "nome": "SILVIA",
      "tipo_sezione": "art. 38",
      "regione": "LOMBARDIA",
      "provincia": "BERGAMO",
      "address": "Via Giacomo Leopardi, 25, 24127 Bergamo BG",
      "tel": "0357890123",
      "availability": 1
  },
  {
      "id": 14758,
      "cognome": "FALCONI",
      "nome": "BRUNO",
      "tipo_sezione": "art. 38",
      "regione": "LOMBARDIA",
      "provincia": "BERGAMO",
      "address": "Via Umberto I, 11, 24128 Bergamo BG",
      "tel": "0358901234",
      "availability": 0
  },
  {
      "id": 19315,
      "cognome": "FERRARA",
      "nome": "MASSIMILIANO",
      "tipo_sezione": "art. 38",
      "regione": "LOMBARDIA",
      "provincia": "BERGAMO",
      "address": "Via Enrico Fermi, 7, 24129 Bergamo BG",
      "tel": "0359012345",
      "availability": 1
  },
  {
      "id": 11644,
      "cognome": "FINAZZI",
      "nome": "EZIO",
      "tipo_sezione": "art. 38",
      "regione": "LOMBARDIA",
      "provincia": "BERGAMO",
      "address": "Via Cesare Battisti, 4, 24130 Bergamo BG",
      "tel": "0350123456",
      "availability": 1
  },
  {
      "id": 11586,
      "cognome": "FORMENTI",
      "nome": "ENNIO",
      "tipo_sezione": "art. 38",
      "regione": "LOMBARDIA",
      "provincia": "BERGAMO",
      "address": "Via Antonio Gramsci, 23, 24131 Bergamo BG",
      "tel": "0351234567",
      "availability": 0
  },
  {
      "id": 15152,
      "cognome": "FRANCHIN",
      "nome": "DONATO",
      "tipo_sezione": "art. 38",
      "regione": "LOMBARDIA",
      "provincia": "BERGAMO",
      "address": "Via Matteotti, 6, 24132 Bergamo BG",
      "tel": "0352345678",
      "availability": 1
  },
  {
      "id": 12301,
      "cognome": "FUSARO",
      "nome": "GIUSEPPE",
      "tipo_sezione": "art. 38",
      "regione": "LOMBARDIA",
      "provincia": "BERGAMO",
      "address": "Via Martiri della Libertà, 3, 24133 Bergamo BG",
      "tel": "0353456789",
      "availability": 1
  },
  
  
  
  {
      "id": 12102,
      "cognome": "GATTI",
      "nome": "GIORGIO",
      "tipo_sezione": "art. 38",
      "regione": "LOMBARDIA",
      "provincia": "BERGAMO",
      "specialties": "Dermatologo-venereologo",
      "tel": "3487890123",
      "address": "Via Garibaldi, 10, Bergamo",
      "availability": 1
    },
    {
      "id": 16728,
      "cognome": "GELMI",
      "nome": "MARCO",
      "tipo_sezione": "art. 38",
      "regione": "LOMBARDIA",
      "provincia": "BERGAMO",
      "specialties": "Ginecologo",
      "tel": "3351234567",
      "address": "Via Dante Alighieri, 25, Bergamo",
      "availability": 1
    },
    {
      "id": 13609,
      "cognome": "GERARDI",
      "nome": "ROCCO",
      "tipo_sezione": "art. 38",
      "regione": "LOMBARDIA",
      "provincia": "BERGAMO",
      "specialties": "Oculista",
      "tel": "3478901234",
      "address": "Via XX Settembre, 18, Bergamo",
      "availability": 0
    },
    {
      "id": 19369,
      "cognome": "GHISLANDI",
      "nome": "GIUSEPPE",
      "tipo_sezione": "art. 38",
      "regione": "LOMBARDIA",
      "provincia": "BERGAMO",
      "specialties": "Otorinolaringoiatra",
      "tel": "3294567890",
      "address": "Corso Vittorio Emanuele II, 30, Bergamo",
      "availability": 1
    },
    {
      "id": 17660,
      "cognome": "GIASSI",
      "nome": "PIETRO ANGELO",
      "tipo_sezione": "art. 38",
      "regione": "LOMBARDIA",
      "provincia": "BERGAMO",
      "specialties": "Ortopedico-traumatologo",
      "tel": "3336789012",
      "address": "Via San Tommaso, 12, Bergamo",
      "availability": 1
    },
    {
      "id": 20441,
      "cognome": "GIORGI",
      "nome": "MARCO",
      "tipo_sezione": "art. 38",
      "regione": "LOMBARDIA",
      "provincia": "BERGAMO",
      "specialties": "Cardiologo",
      "tel": "3387890123",
      "address": "Viale Papa Giovanni XXIII, 45, Bergamo",
      "availability": 1
    },
    {
      "id": 12006,
      "cognome": "GONELLA",
      "nome": "GIANCARLO",
      "tipo_sezione": "art. 38",
      "regione": "LOMBARDIA",
      "provincia": "BERGAMO",
      "specialties": "Andrologo",
      "tel": "3490123456",
      "address": "Corso Matteotti, 8, Bergamo",
      "availability": 1
    },
  
  
  
  {
      "id": 13129,
      "cognome": "LIBRARO",
      "nome": "MICHELE",
      "tipo_sezione": "art. 38",
      "regione": "LOMBARDIA",
      "provincia": "BERGAMO",
      "address": "Via Vittorio Emanuele II, 14, 24134 Bergamo BG",
      "tel": "0352345678",
      "availability": 1,
      "specialties": "Dermatologo-venereologo"
  },
  {
      "id": 17019,
      "cognome": "LOCATELLI",
      "nome": "MARIO",
      "tipo_sezione": "art. 38",
      "regione": "LOMBARDIA",
      "provincia": "BERGAMO",
      "address": "Corso Garibaldi, 30, 24135 Bergamo BG",
      "tel": "0353456789",
      "availability": 0,
      "specialties": "Ginecologo"
  },
  {
      "id": 13490,
      "cognome": "LOMBARDONI",
      "nome": "RAPHAEL",
      "tipo_sezione": "art. 38",
      "regione": "LOMBARDIA",
      "provincia": "BERGAMO",
      "address": "Via Roma, 5, 24136 Bergamo BG",
      "tel": "0354567890",
      "availability": 1,
      "specialties": "Oculista"
  },
  {
      "id": 16549,
      "cognome": "LOZZA",
      "nome": "LUCIANO",
      "tipo_sezione": "art. 38",
      "regione": "LOMBARDIA",
      "provincia": "BERGAMO",
      "address": "Via Dante Alighieri, 18, 24137 Bergamo BG",
      "tel": "0355678901",
      "availability": 1,
      "specialties": "Otorinolaringoiatra"
  },
  {
      "id": 20487,
      "cognome": "LUPO",
      "nome": "ROSARIO",
      "tipo_sezione": "art. 38",
      "regione": "LOMBARDIA",
      "provincia": "BERGAMO",
      "address": "Piazza Matteotti, 12, 24138 Bergamo BG",
      "tel": "0356789012",
      "availability": 1,
      "specialties": "Ortopedico-traumatologo"
  },
  {
      "id": 16930,
      "cognome": "MACCHIONE",
      "nome": "MARIA",
      "tipo_sezione": "art. 38",
      "regione": "LOMBARDIA",
      "provincia": "BERGAMO",
      "address": "Via Milano, 3, 24139 Bergamo BG",
      "tel": "0357890123",
      "availability": 1,
      "specialties": "Cardiologo"
  },
  {
      "id": 22355,
      "cognome": "MADEO",
      "nome": "EGIDIO",
      "tipo_sezione": "art. 38",
      "regione": "LOMBARDIA",
      "provincia": "BERGAMO",
      "address": "Via Trento, 7, 24140 Bergamo BG",
      "tel": "0358901234",
      "availability": 0,
      "specialties": "Andrologo"
  },
  {
      "id": 11078,
      "cognome": "MAGGIO",
      "nome": "ANTONIO",
      "tipo_sezione": "art. 38",
      "regione": "LOMBARDIA",
      "provincia": "BERGAMO",
      "address": "Via Garibaldi, 22, 24141 Bergamo BG",
      "tel": "0359012345",
      "availability": 1,
      "specialties": "Urologo"
  },
  {
      "id": 22788,
      "cognome": "MAGRI",
      "nome": "ERICA",
      "tipo_sezione": "art. 38",
      "regione": "LOMBARDIA",
      "provincia": "BERGAMO",
      "address": "Corso Italia, 15, 24142 Bergamo BG",
      "tel": "0350123456",
      "availability": 0,
      "specialties": "Neurologo"
  },
  {
      "id": 15979,
      "cognome": "MANDELLI",
      "nome": "GIOVANNA",
      "tipo_sezione": "art. 38",
      "regione": "LOMBARDIA",
      "provincia": "BERGAMO",
      "address": "Via Verdi, 8, 24143 Bergamo BG",
      "tel": "0351234567",
      "availability": 1,
      "specialties": "Neurochirurgo"
  },
  {
      "id": 11664,
      "cognome": "MANFREDINI",
      "nome": "FABIO",
      "tipo_sezione": "art. 38",
      "regione": "LOMBARDIA",
      "provincia": "BERGAMO",
      "address": "Piazza Cavour, 10, 24144 Bergamo BG",
      "tel": "0352345678",
      "availability": 1,
      "specialties": "Dentista"
  },
  {
      "id": 19323,
      "cognome": "MANGILI",
      "nome": "ANTJE",
      "tipo_sezione": "art. 38",
      "regione": "LOMBARDIA",
      "provincia": "BERGAMO",
      "address": "Corso Garibaldi, 33, 24145 Bergamo BG",
      "tel": "0353456789",
      "availability": 1,
      "specialties": "Pediatra"
  },
  {
      "id": 13710,
      "cognome": "MANZONI",
      "nome": "SAMUELE",
      "tipo_sezione": "art. 38",
      "regione": "LOMBARDIA",
      "provincia": "BERGAMO",
      "address": "Via Leopardi, 6, 24145 Bergamo BG",
      "tel": "0354567890",
      "availability": 0,
      "specialties": "Osteopata"
  },
  {
      "id": 21982,
      "cognome": "MANZONI",
      "nome": "MARA",
      "tipo_sezione": "art. 38",
      "regione": "LOMBARDIA",
      "provincia": "BERGAMO",
      "address": "Via Garibaldi, 12, 24146 Bergamo BG",
      "tel": "0355678901",
      "availability": 1,
      "specialties": "Fisiatra"
  },
  {
      "id": 12455,
      "cognome": "MARCHI BOSCHINI",
      "nome": "IRIS",
      "tipo_sezione": "art. 38",
      "regione": "LOMBARDIA",
      "provincia": "BERGAMO",
      "address": "Via Dante Alighieri, 9, 24147 Bergamo BG",
      "tel": "0356789012",
      "availability": 0,
      "specialties": "Psicologo"
  },
  {
      "id": 12816,
      "cognome": "MARIANI",
      "nome": "MARIAANTONELLA",
      "tipo_sezione": "art. 38",
      "regione": "LOMBARDIA",
      "provincia": "BERGAMO",
      "address": "Corso Vittorio Emanuele II, 16, 24148 Bergamo BG",
      "tel": "0357890123",
      "availability": 1,
      "specialties": "Medico di medicina generale"
  },
  {
      "id": 15401,
      "cognome": "MERISI",
      "nome": "FEDERICO",
      "tipo_sezione": "art. 38",
      "regione": "LOMBARDIA",
      "provincia": "BERGAMO",
      "address": "Via Roma, 22, 24149 Bergamo BG",
      "tel": "0358901234",
      "availability": 1,
      "specialties": "Gastroenterologo"
  },
  {
      "id": 16064,
      "cognome": "MICHETTI",
      "nome": "GIOVANNI",
      "tipo_sezione": "art. 38",
      "regione": "LOMBARDIA",
      "provincia": "BERGAMO",
      "address": "Piazza Duomo, 14, 24150 Bergamo BG",
      "tel": "0359012345",
      "availability": 1,
      "specialties": "Medico estetico"
  },
  {
      "id": 13948,
      "cognome": "MOIOLI",
      "nome": "VALERIO",
      "tipo_sezione": "art. 38",
      "regione": "LOMBARDIA",
      "provincia": "BERGAMO",
      "address": "Corso Vittorio Emanuele II, 18, 24151 Bergamo BG",
      "tel": "0350123456",
      "availability": 0,
      "specialties": "Allergologo-immunologo"
  }
]